[{"id":"dc29f659.5691b","type":"tab","label":"Flow 1","disabled":false,"info":""},{"id":"8b040545.dbadb","type":"mqtt-broker","name":"","broker":"192.168.0.177","port":"12183","clientid":"","usetls":false,"compatmode":false,"keepalive":"60","cleansession":true,"birthTopic":"","birthQos":"0","birthPayload":"","closeTopic":"","closeQos":"0","closePayload":"","willTopic":"","willQos":"0","willPayload":""},{"id":"f494d1b2.bcadb8","type":"inject","z":"dc29f659.5691b","name":"","props":[{"p":"payload"}],"repeat":"","crontab":"","once":false,"onceDelay":0.1,"topic":"","payload":"{\"state\":\"ON\"}","payloadType":"json","x":290,"y":340,"wires":[["b236381f.471898"]]},{"id":"b236381f.471898","type":"mqtt out","z":"dc29f659.5691b","name":"","topic":"zigbee2mqtt/0x00158d000520ac5e/set","qos":"","retain":"","broker":"8b040545.dbadb","x":750,"y":340,"wires":[]}]